38,97,	0:	13,37%	
74,23,	5:	11,48%	
114,027,	10:	13,80%	
147,703,	15:	23,20%	
180,892,	20:	31,45%	
216,144,	25:	37,14%	
255,015,	30:	38,39%	
296,656,	35:	38,93%	
336,454,	40:	42,95%	
372,734,	45:	42,75%	
409,378,	50:	44,19%	
447,1,	55:	44,77%	
483,861,	60:	47,26%	
520,984,	65:	45,58%	
558,515,	70:	44,40%	
594,19,	75:	49,37%	
627,555,	80:	49,93%	
661,745,	85:	50,64%	
697,094,	90:	51,21%	
734,119,	95:	52,11%	
773,896,	100:	53,85%	
811,787,	105:	52,77%	
852,972,	110:	52,38%	
901,653,	115:	53,91%	
937,398,	120:	51,99%	
973,683,	125:	55,61%	
1012,793,	130:	55,06%	
1048,719,	135:	55,03%	
1086,968,	140:	56,56%	
1121,993,	145:	56,04%	
1156,479,	150:	54,63%	
1190,106,	155:	54,90%	
1228,325,	160:	57,52%	
1263,488,	165:	56,34%	
1326,133,	170:	58,38%	
1392,103,	175:	57,53%	
1429,814,	180:	57,28%	
1466,816,	185:	58,44%	
1502,631,	190:	56,14%	
1542,515,	195:	58,07%	
1575,649,	200:	59,09%	
1610,875,	205:	60,31%	
1645,174,	210:	59,56%	
1685,355,	215:	58,33%	
1721,602,	220:	59,84%	
1756,045,	225:	60,02%	
1796,813,	230:	61,57%	
1834,943,	235:	59,73%	
1876,258,	240:	61,54%	
1916,042,	245:	60,75%	
1954,612,	250:	60,22%	
1987,489,	255:	58,13%	
2023,99,	260:	61,50%	
2058,531,	265:	58,13%	
2098,773,	270:	59,40%	
2135,178,	275:	60,62%	
2171,737,	280:	61,53%	
2208,027,	285:	62,21%	
2244,877,	290:	61,18%	
2278,291,	295:	61,06%	
2314,68,	300:	63,00%	
2352,109,	305:	60,06%	
2393,384,	310:	58,58%	
2423,353,	315:	61,97%	
2455,862,	320:	61,90%	
2489,23,	325:	60,01%	
2519,025,	330:	61,74%	
2554,088,	335:	62,32%	
2586,794,	340:	61,76%	
2618,526,	345:	62,35%	
2653,339,	350:	61,21%	
2686,812,	355:	62,66%	
2719,033,	360:	63,14%	
2752,148,	365:	62,35%	
2785,275,	370:	63,97%	
2816,488,	375:	61,73%	
2850,404,	380:	64,48%	
2881,024,	385:	63,53%	
2913,926,	390:	64,69%	
2946,192,	395:	62,96%	
2977,687,	400:	62,37%	
3011,268,	405:	65,04%	
3041,257,	410:	63,10%	
3073,795,	415:	62,91%	
3104,798,	420:	64,56%	
3135,649,	425:	64,34%	
3168,275,	430:	62,36%	
3201,249,	435:	61,78%	
3234,19,	440:	64,34%	
3265,707,	445:	63,32%	
3298,232,	450:	64,49%	
3330,886,	455:	64,26%	
3363,616,	460:	63,89%	
3395,701,	465:	64,65%	
3428,091,	470:	65,76%	
3460,882,	475:	62,95%	
3492,277,	480:	63,50%	
3524,919,	485:	65,75%	
3556,911,	490:	64,83%	
3587,978,	495:	64,48%	
3620,528,	500:	65,35%	
3650,496,	505:	65,28%	
3682,092,	510:	63,07%	
3713,581,	515:	63,97%	
3745,184,	520:	65,54%	
3777,67,	525:	64,68%	
3809,162,	530:	64,89%	
3842,015,	535:	65,39%	
3874,334,	540:	66,60%	
3906,954,	545:	65,32%	
3938,496,	550:	65,02%	
3970,277,	555:	65,46%	
4001,827,	560:	63,87%	
4034,465,	565:	65,30%	
4065,704,	570:	64,88%	
4098,127,	575:	64,90%	
4130,453,	580:	66,75%	
4162,531,	585:	65,47%	
4194,704,	590:	65,60%	
4227,012,	595:	66,79%	
4259,846,	600:	65,48%	
4291,519,	605:	66,04%	
4323,99,	610:	66,05%	
4356,635,	615:	65,16%	
4389,223,	620:	66,68%	
4420,841,	625:	66,56%	
4452,943,	630:	65,27%	
4485,115,	635:	66,93%	
4518,405,	640:	66,04%	
4551,62,	645:	66,59%	
4585,516,	650:	64,49%	
4618,142,	655:	67,25%	
4649,706,	660:	65,71%	
4681,92,	665:	66,88%	
4712,995,	670:	66,17%	
4744,611,	675:	65,76%	
4775,739,	680:	64,97%	
4806,836,	685:	65,62%	
4838,368,	690:	64,73%	
4869,583,	695:	66,03%	
4900,651,	700:	65,14%	
4931,879,	705:	65,19%	
4964,174,	710:	64,75%	
4995,758,	715:	65,76%	
5028,089,	720:	66,51%	
5059,121,	725:	66,89%	
5092,632,	730:	66,88%	
5123,08,	735:	66,42%	
5156,651,	740:	66,69%	
5190,095,	745:	63,71%	
5224,005,	750:	60,58%	
5255,334,	755:	66,44%	
5288,976,	760:	64,89%	
5320,232,	765:	66,99%	
5351,733,	770:	66,19%	
5383,745,	775:	65,78%	
5416,464,	780:	65,37%	
5446,871,	785:	65,79%	
5479,797,	790:	66,12%	
5513,198,	795:	65,82%	
5544,752,	800:	66,45%	
5576,104,	805:	63,56%	
5606,926,	810:	66,71%	
5636,992,	815:	66,08%	
5669,196,	820:	66,35%	
5700,483,	825:	64,96%	
5731,819,	830:	66,70%	
5763,283,	835:	66,70%	
5796,36,	840:	65,86%	
5829,669,	845:	65,20%	
5862,152,	850:	65,83%	
5894,097,	855:	64,41%	
5925,791,	860:	65,75%	
5957,077,	865:	65,96%	
5988,393,	870:	67,83%	
6022,09,	875:	67,17%	
6056,486,	880:	67,32%	
6088,163,	885:	66,73%	
6120,213,	890:	66,50%	
6152,612,	895:	66,24%	
6184,785,	900:	66,87%	
6217,662,	905:	66,41%	
6248,577,	910:	66,67%	
6279,793,	915:	64,41%	
6310,398,	920:	67,43%	
6342,28,	925:	66,26%	
6372,976,	930:	67,58%	
6405,518,	935:	66,95%	
6438,146,	940:	66,43%	
6469,882,	945:	67,09%	
6501,503,	950:	67,04%	
6531,502,	955:	67,84%	
6565,095,	960:	66,71%	
6596,604,	965:	68,14%	
6628,737,	970:	67,73%	
6659,624,	975:	66,05%	
6693,263,	980:	66,50%	
6724,403,	985:	67,66%	
6757,304,	990:	66,65%	
6790,463,	995:	66,93%	
6822,268,	1000:	65,93%	
6854,431,	1005:	67,60%	
6888,157,	1010:	66,75%	
6918,894,	1015:	67,45%	
6951,208,	1020:	67,47%	
6982,128,	1025:	65,80%	
7013,506,	1030:	65,83%	
7046,022,	1035:	66,86%	
7078,993,	1040:	66,64%	
7111,93,	1045:	66,94%	
7144,26,	1050:	67,99%	
7175,626,	1055:	67,83%	
7207,071,	1060:	67,70%	
7239,609,	1065:	66,35%	
7271,432,	1070:	66,31%	
7300,966,	1075:	67,11%	
7332,195,	1080:	66,71%	
7364,149,	1085:	67,49%	
7395,571,	1090:	67,89%	
7427,701,	1095:	66,71%	
7460,042,	1100:	66,70%	
7491,837,	1105:	67,03%	
7524,972,	1110:	67,30%	
7556,371,	1115:	67,45%	
7589,025,	1120:	66,57%	
7621,247,	1125:	68,02%	
7653,064,	1130:	68,57%	
7684,83,	1135:	67,83%	
7715,819,	1140:	66,80%	
7747,215,	1145:	67,17%	
7781,975,	1150:	66,60%	
7814,002,	1155:	67,90%	
7847,207,	1160:	67,62%	
7879,273,	1165:	67,98%	
7911,87,	1170:	67,63%	
7942,545,	1175:	65,68%	
7974,209,	1180:	67,55%	
8007,725,	1185:	67,72%	
8040,92,	1190:	67,91%	
8074,005,	1195:	67,53%	
8105,166,	1200:	67,90%	
8136,441,	1205:	65,75%	
8169,91,	1210:	66,53%	
8202,641,	1215:	67,73%	
8236,171,	1220:	67,91%	
8270,156,	1225:	68,01%	
8301,937,	1230:	67,73%	
8334,448,	1235:	68,05%	
8367,547,	1240:	67,60%	
8399,709,	1245:	67,14%	
8431,602,	1250:	67,95%	
8462,438,	1255:	66,70%	
8494,957,	1260:	66,53%	
8526,236,	1265:	68,07%	
8558,632,	1270:	66,52%	
8590,583,	1275:	67,64%	
8623,043,	1280:	68,36%	
8656,47,	1285:	67,67%	
8689,592,	1290:	66,00%	
8721,67,	1295:	67,22%	
8754,322,	1300:	67,04%	
8786,828,	1305:	67,39%	
8820,22,	1310:	65,07%	
8852,442,	1315:	66,77%	
8882,985,	1320:	66,39%	
8915,547,	1325:	67,38%	
8948,163,	1330:	66,64%	
8980,22,	1335:	66,06%	
9011,877,	1340:	67,23%	
9042,352,	1345:	66,91%	
9074,089,	1350:	68,03%	
9105,176,	1355:	68,71%	
9136,342,	1360:	68,15%	
9168,14,	1365:	65,95%	
9200,48,	1370:	65,08%	
9232,959,	1375:	67,88%	
9266,163,	1380:	67,34%	
9297,958,	1385:	67,13%	
9329,062,	1390:	67,80%	
9359,409,	1395:	67,59%	
9390,625,	1400:	67,29%	
9422,157,	1405:	67,71%	
9454,28,	1410:	67,97%	
9486,334,	1415:	67,41%	
9519,594,	1420:	65,91%	
9551,663,	1425:	67,17%	
9585,154,	1430:	68,03%	
9616,297,	1435:	67,69%	
9646,91,	1440:	67,34%	
9680,02,	1445:	67,42%	
9710,05,	1450:	67,73%	
9742,469,	1455:	68,99%	
9773,501,	1460:	68,35%	
9804,607,	1465:	67,87%	
9835,948,	1470:	68,42%	
9868,203,	1475:	67,88%	
9899,782,	1480:	67,51%	
9930,887,	1485:	68,24%	
9963,859,	1490:	67,33%	
9995,038,	1495:	68,06%	
10026,193,	1500:	67,63%	
10057,043,	1505:	68,17%	
10087,481,	1510:	68,25%	
10119,876,	1515:	68,05%	
10150,788,	1520:	68,00%	
10183,293,	1525:	67,81%	
10215,315,	1530:	68,26%	
10248,613,	1535:	68,30%	
10280,245,	1540:	67,49%	
10312,724,	1545:	67,24%	
10343,05,	1550:	67,40%	
10374,489,	1555:	65,34%	
10406,68,	1560:	66,43%	
10439,938,	1565:	67,18%	
10471,744,	1570:	68,65%	
10505,63,	1575:	67,15%	
10536,829,	1580:	67,54%	
10569,84,	1585:	68,28%	
10601,833,	1590:	66,99%	
10636,494,	1595:	67,59%	
10668,404,	1600:	68,36%	
10701,426,	1605:	68,44%	
10733,346,	1610:	67,38%	
10765,176,	1615:	68,33%	
10798,795,	1620:	67,96%	
10832,013,	1625:	67,64%	
10863,643,	1630:	67,06%	
10897,039,	1635:	67,82%	
10928,57,	1640:	68,32%	
10959,941,	1645:	67,90%	
10992,417,	1650:	67,42%	
11024,561,	1655:	67,32%	
11056,687,	1660:	68,31%	
11089,567,	1665:	68,36%	
11121,172,	1670:	67,47%	
11154,039,	1675:	67,72%	
11185,828,	1680:	66,11%	
11218,793,	1685:	67,65%	
11250,83,	1690:	68,41%	
11281,931,	1695:	66,71%	
11313,898,	1700:	68,13%	
11346,306,	1705:	68,07%	
11379,532,	1710:	67,54%	
11412,592,	1715:	67,81%	
11444,645,	1720:	67,71%	
11478,365,	1725:	66,23%	
11509,697,	1730:	67,38%	
11540,654,	1735:	68,18%	
11572,497,	1740:	67,35%	
11604,916,	1745:	67,49%	
11638,847,	1750:	67,85%	
11672,303,	1755:	67,47%	
11702,713,	1760:	67,60%	
11734,535,	1765:	67,42%	
11765,644,	1770:	66,95%	
11797,211,	1775:	65,38%	
11829,83,	1780:	67,37%	
11863,298,	1785:	67,75%	
11896,828,	1790:	66,90%	
11927,564,	1795:	67,88%	
11959,527,	1800:	67,80%	
11990,906,	1805:	67,93%	
12022,516,	1810:	67,72%	
12055,185,	1815:	67,64%	
12085,628,	1820:	67,44%	
12118,182,	1825:	66,88%	
12151,017,	1830:	68,10%	
12184,022,	1835:	68,38%	
12214,805,	1840:	67,77%	
12246,689,	1845:	68,11%	
12277,916,	1850:	66,91%	
12311,19,	1855:	67,81%	
12343,121,	1860:	68,31%	
12374,419,	1865:	66,66%	
12405,431,	1870:	67,73%	
12435,576,	1875:	66,43%	
12467,573,	1880:	67,16%	
12498,814,	1885:	65,19%	
12529,533,	1890:	67,34%	
12560,87,	1895:	66,51%	
12594,226,	1900:	65,34%	
12627,638,	1905:	67,54%	
12659,528,	1910:	67,32%	
12692,968,	1915:	67,39%	
12724,764,	1920:	66,66%	
12757,808,	1925:	68,24%	
12789,776,	1930:	66,67%	
12822,569,	1935:	67,25%	
12854,202,	1940:	66,73%	
12886,725,	1945:	66,26%	
12919,171,	1950:	68,01%	
12950,193,	1955:	67,22%	
12982,621,	1960:	67,21%	
13015,437,	1965:	68,22%	
13048,138,	1970:	65,98%	
13078,649,	1975:	66,29%	
13111,554,	1980:	66,85%	
13143,402,	1985:	67,70%	
13174,933,	1990:	67,29%	
13207,712,	1995:	67,97%	
13240,106,	2000:	68,21%	
13272,969,	2005:	68,30%	
13305,809,	2010:	67,43%	
13338,012,	2015:	67,55%	
13370,051,	2020:	66,57%	
13401,438,	2025:	67,12%	
13433,22,	2030:	68,10%	
13466,534,	2035:	67,81%	
13498,426,	2040:	67,34%	
13531,441,	2045:	67,61%	
13564,629,	2050:	68,74%	
13597,878,	2055:	66,83%	
13628,713,	2060:	66,82%	
13660,036,	2065:	67,61%	
13691,894,	2070:	67,33%	
13723,829,	2075:	66,70%	
13756,01,	2080:	67,48%	
13787,907,	2085:	67,50%	
13819,876,	2090:	68,46%	
13853,143,	2095:	67,37%	
13886,732,	2100:	65,61%	
13918,957,	2105:	67,78%	
13950,474,	2110:	67,85%	
13982,869,	2115:	66,95%	
14016,011,	2120:	68,00%	
14048,361,	2125:	67,68%	
14080,124,	2130:	67,19%	
14110,218,	2135:	66,99%	
14141,942,	2140:	67,41%	
14173,371,	2145:	67,75%	
14206,224,	2150:	66,45%	
14236,977,	2155:	67,95%	
14269,113,	2160:	67,44%	
14301,38,	2165:	67,76%	
14334,252,	2170:	66,15%	
14366,158,	2175:	67,83%	
14397,367,	2180:	67,96%	
14429,228,	2185:	67,51%	
14462,481,	2190:	67,48%	
14495,16,	2195:	67,33%	
14528,305,	2200:	66,24%	
14561,109,	2205:	66,03%	
14590,984,	2210:	66,43%	
14623,554,	2215:	68,26%	
14654,594,	2220:	67,87%	
14687,9,	2225:	67,91%	
14720,424,	2230:	67,21%	
14752,575,	2235:	67,40%	
14783,626,	2240:	67,46%	
14814,765,	2245:	67,22%	
14848,718,	2250:	65,96%	
14880,451,	2255:	67,63%	
14913,881,	2260:	67,93%	
14946,871,	2265:	67,89%	
14979,751,	2270:	67,14%	
15013,131,	2275:	65,35%	
15045,039,	2280:	67,55%	
15076,477,	2285:	67,76%	
15107,948,	2290:	67,43%	
15140,321,	2295:	67,41%	
15172,043,	2300:	63,89%	
15202,933,	2305:	66,99%	
15234,348,	2310:	66,93%	
15265,945,	2315:	67,50%	
15298,867,	2320:	67,36%	
15329,343,	2325:	67,48%	
15360,896,	2330:	67,79%	
15392,843,	2335:	67,29%	
15424,75,	2340:	67,96%	
15456,749,	2345:	67,43%	
15490,004,	2350:	66,41%	
15521,715,	2355:	68,32%	
15555,116,	2360:	67,55%	
15586,85,	2365:	67,63%	
15618,778,	2370:	64,70%	
15651,061,	2375:	67,65%	
15682,126,	2380:	66,33%	
15716,098,	2385:	66,82%	
15748,146,	2390:	67,01%	
15779,096,	2395:	67,01%	
15810,474,	2400:	66,67%	
15842,154,	2405:	66,08%	
15874,23,	2410:	68,08%	
15907,272,	2415:	66,13%	
15939,373,	2420:	67,64%	
15970,986,	2425:	67,61%	
16003,423,	2430:	67,47%	
16035,099,	2435:	67,61%	
16068,741,	2440:	66,72%	
16100,029,	2445:	67,54%	
16130,829,	2450:	68,38%	
16163,861,	2455:	67,25%	
16196,538,	2460:	66,30%	
16228,777,	2465:	67,03%	
16260,127,	2470:	67,97%	
16292,277,	2475:	66,91%	
16323,753,	2480:	67,38%	
16356,276,	2485:	65,97%	
16388,04,	2490:	65,99%	
16420,377,	2495:	66,99%	
16451,662,	2500:	67,27%	
16482,844,	2505:	67,06%	
16514,19,	2510:	69,07%	
16547,275,	2515:	68,32%	
16579,908,	2520:	67,96%	
16612,816,	2525:	67,54%	
16645,67,	2530:	67,54%	
16677,828,	2535:	68,54%	
16709,273,	2540:	67,16%	
16741,596,	2545:	67,33%	
16773,705,	2550:	66,54%	
16805,236,	2555:	67,43%	
16839,008,	2560:	64,89%	
16871,469,	2565:	67,92%	
16902,76,	2570:	67,59%	
16933,621,	2575:	68,04%	
16965,414,	2580:	67,89%	
16996,877,	2585:	66,94%	
17029,068,	2590:	68,20%	
17060,416,	2595:	67,25%	
17090,258,	2600:	67,81%	
17122,084,	2605:	66,97%	
17152,893,	2610:	65,77%	
17185,531,	2615:	66,73%	
17217,057,	2620:	66,16%	
17248,896,	2625:	68,52%	
17280,043,	2630:	67,33%	
17311,965,	2635:	66,44%	
17346,027,	2640:	65,49%	
17377,537,	2645:	66,63%	
17409,469,	2650:	67,35%	
17441,848,	2655:	67,36%	
17473,107,	2660:	65,94%	
17504,088,	2665:	67,21%	
17537,031,	2670:	65,92%	
17568,066,	2675:	67,95%	
17599,787,	2680:	68,22%	
17631,945,	2685:	67,79%	
17664,549,	2690:	67,09%	
17698,049,	2695:	68,31%	
17728,957,	2700:	66,62%	
17761,582,	2705:	65,76%	
17794,938,	2710:	67,05%	
17826,252,	2715:	67,69%	
17859,812,	2720:	67,86%	
17890,371,	2725:	66,86%	
17922,244,	2730:	67,22%	
17955,383,	2735:	67,19%	
17987,713,	2740:	66,91%	
18020,232,	2745:	67,63%	
18052,785,	2750:	67,30%	
18085,377,	2755:	67,68%	
18118,252,	2760:	67,16%	
18151,623,	2765:	67,70%	
18182,3,	2770:	67,25%	
18213,225,	2775:	66,77%	
18243,812,	2780:	67,15%	
18277,908,	2785:	67,30%	
18308,873,	2790:	67,61%	
18344,607,	2795:	65,61%	
18376,604,	2800:	67,59%	
18410,336,	2805:	67,61%	
18442,613,	2810:	67,77%	
18476,123,	2815:	66,94%	
18506,225,	2820:	67,43%	
18541,094,	2825:	67,77%	
18577,58,	2830:	65,85%	
18610,328,	2835:	66,83%	
18645,229,	2840:	66,26%	
18681,334,	2845:	66,74%	
18715,363,	2850:	67,09%	
18747,385,	2855:	66,74%	
18781,236,	2860:	67,19%	
18819,475,	2865:	66,83%	
18853,984,	2870:	66,70%	
18888,5,	2875:	67,08%	
18921,744,	2880:	65,26%	
18954,793,	2885:	65,34%	
18987,615,	2890:	65,94%	
19019,629,	2895:	67,61%	
19052,305,	2900:	66,96%	
19083,156,	2905:	66,47%	
19114,371,	2910:	67,81%	
19146,992,	2915:	66,84%	
19179,22,	2920:	66,78%	
19211,6,	2925:	66,58%	
19242,664,	2930:	67,27%	
19276,148,	2935:	66,76%	
19308,928,	2940:	67,50%	
19340,832,	2945:	67,10%	
19374,752,	2950:	66,62%	
19406,504,	2955:	67,54%	
19439,355,	2960:	67,05%	
19471,492,	2965:	67,26%	
19503,908,	2970:	67,64%	
19536,035,	2975:	67,58%	
19568,424,	2980:	66,11%	
19600,691,	2985:	66,73%	
19631,7,	2990:	66,29%	
19664,744,	2995:	65,25%	
19696,273,	3000:	67,80%	
19729,32,	3005:	65,81%	
19761,22,	3010:	67,25%	
19792,809,	3015:	67,02%	
19823,254,	3020:	67,34%	
19854,512,	3025:	66,94%	
19886,084,	3030:	67,19%	
19918,512,	3035:	67,79%	
19951,477,	3040:	65,27%	
19983,408,	3045:	66,69%	
20013,748,	3050:	66,58%	
20045,36,	3055:	67,98%	
20077,637,	3060:	67,91%	
20110,736,	3065:	66,89%	
20143,22,	3070:	67,04%	
20176,549,	3075:	66,81%	
20208,736,	3080:	67,66%	
20240,225,	3085:	67,59%	
20272,219,	3090:	67,98%	
20304,969,	3095:	66,37%	
20336,287,	3100:	66,32%	
20368,512,	3105:	67,91%	
20400,068,	3110:	67,00%	
20431,924,	3115:	66,92%	
20464,7,	3120:	66,98%	
20496,508,	3125:	68,09%	
20527,531,	3130:	67,41%	
20558,56,	3135:	67,28%	
20590,0,	3140:	67,68%	
20622,246,	3145:	66,80%	
20653,684,	3150:	66,86%	
20683,56,	3155:	66,92%	
20716,59,	3160:	66,20%	
20748,232,	3165:	67,90%	
20780,22,	3170:	67,11%	
20811,35,	3175:	67,49%	
20842,848,	3180:	67,54%	
20875,6,	3185:	67,08%	
20908,389,	3190:	67,46%	
20939,922,	3195:	67,08%	
20973,31,	3200:	67,15%	
21005,28,	3205:	67,68%	
21037,836,	3210:	66,89%	
21068,906,	3215:	66,34%	
21101,297,	3220:	67,85%	
21132,824,	3225:	66,73%	
21165,977,	3230:	64,77%	
21197,488,	3235:	66,55%	
21228,094,	3240:	67,06%	
21262,066,	3245:	66,93%	
21294,344,	3250:	67,41%	
21325,234,	3255:	67,14%	
21356,643,	3260:	67,03%	
21388,693,	3265:	65,62%	
21423,092,	3270:	67,20%	
21452,842,	3275:	67,43%	
21486,54,	3280:	66,79%	
21518,527,	3285:	66,98%	
21550,76,	3290:	67,12%	
21582,82,	3295:	67,30%	
21615,027,	3300:	67,79%	
21648,717,	3305:	67,42%	
21679,691,	3310:	66,88%	
21710,732,	3315:	66,62%	
21743,03,	3320:	67,42%	
21775,031,	3325:	67,50%	
21805,469,	3330:	67,42%	
21836,629,	3335:	66,50%	
21868,842,	3340:	67,07%	
21901,86,	3345:	67,55%	
21933,021,	3350:	67,18%	
21963,252,	3355:	67,37%	
21996,309,	3360:	66,40%	
22029,268,	3365:	66,40%	
22062,672,	3370:	67,70%	
22094,596,	3375:	67,36%	
22125,695,	3380:	67,81%	
22157,754,	3385:	67,05%	
22189,154,	3390:	67,17%	
22222,086,	3395:	67,51%	
22253,951,	3400:	66,83%	
22286,46,	3405:	66,67%	
22316,932,	3410:	67,68%	
22347,738,	3415:	66,77%	
22380,62,	3420:	67,49%	
22412,158,	3425:	67,53%	
22443,648,	3430:	67,09%	
22476,3,	3435:	66,90%	
22506,678,	3440:	66,94%	
22539,0,	3445:	66,24%	
22572,639,	3450:	66,31%	
22604,352,	3455:	67,78%	
22636,236,	3460:	67,00%	
22669,234,	3465:	66,72%	
22701,309,	3470:	67,72%	
22733,629,	3475:	67,00%	
22766,164,	3480:	65,95%	
22797,473,	3485:	67,05%	
22829,27,	3490:	66,84%	
22862,44,	3495:	67,85%	
22895,053,	3500:	66,63%	
22927,32,	3505:	67,56%	
22959,236,	3510:	66,99%	
22989,703,	3515:	67,03%	
23022,432,	3520:	67,44%	
23054,805,	3525:	67,63%	
23089,64,	3530:	66,05%	
23122,336,	3535:	66,10%	
23155,436,	3540:	67,99%	
23187,559,	3545:	65,31%	
23219,951,	3550:	66,44%	
23252,82,	3555:	66,68%	
23282,691,	3560:	66,93%	
23316,133,	3565:	67,55%	
23349,768,	3570:	66,99%	
23383,686,	3575:	66,99%	
23415,416,	3580:	67,95%	
23446,479,	3585:	66,87%	
23478,83,	3590:	67,69%	
23511,22,	3595:	65,51%	
23543,506,	3600:	67,80%	
23576,46,	3605:	67,43%	
23607,102,	3610:	67,49%	
23639,488,	3615:	65,99%	
23671,502,	3620:	66,79%	
23705,404,	3625:	66,76%	
23737,672,	3630:	67,48%	
23767,385,	3635:	67,30%	
23799,893,	3640:	67,23%	
23832,914,	3645:	67,26%	
23864,535,	3650:	67,42%	
23895,043,	3655:	66,85%	
23927,326,	3660:	67,88%	
23960,498,	3665:	67,60%	
23992,795,	3670:	67,81%	
24025,938,	3675:	66,84%	
24059,46,	3680:	67,07%	
24091,688,	3685:	66,79%	
24123,393,	3690:	67,59%	
24156,143,	3695:	67,52%	
24188,512,	3700:	67,67%	
24218,98,	3705:	67,50%	
24251,672,	3710:	67,07%	
24284,096,	3715:	67,52%	
24315,096,	3720:	67,67%	
24345,271,	3725:	67,19%	
24377,75,	3730:	66,95%	
24410,027,	3735:	66,49%	
24443,324,	3740:	66,31%	
24476,568,	3745:	67,89%	
24507,633,	3750:	66,88%	
24539,195,	3755:	66,92%	
24571,893,	3760:	65,63%	
24601,877,	3765:	66,66%	
24633,879,	3770:	66,90%	
24666,096,	3775:	67,33%	
24699,74,	3780:	66,99%	
24730,004,	3785:	67,94%	
24763,111,	3790:	66,34%	
24795,123,	3795:	65,92%	
24826,904,	3800:	66,67%	
24859,156,	3805:	67,32%	
24893,68,	3810:	66,89%	
24927,584,	3815:	64,60%	
24958,97,	3820:	65,24%	
24989,096,	3825:	67,31%	
25021,527,	3830:	67,36%	
25053,613,	3835:	66,72%	
25084,809,	3840:	66,41%	
25117,465,	3845:	67,68%	
25149,713,	3850:	67,32%	
25182,18,	3855:	67,63%	
25213,508,	3860:	66,42%	
25246,203,	3865:	66,73%	
25280,283,	3870:	66,66%	
25312,686,	3875:	66,64%	
25343,68,	3880:	65,91%	
25377,096,	3885:	66,65%	
25408,191,	3890:	66,81%	
25439,867,	3895:	65,06%	
25471,145,	3900:	67,41%	
25503,348,	3905:	66,60%	
25534,377,	3910:	67,25%	
25565,08,	3915:	65,94%	
25596,787,	3920:	67,44%	
25628,605,	3925:	67,15%	
25659,973,	3930:	67,45%	
25691,748,	3935:	67,04%	
25723,4,	3940:	68,02%	
25758,02,	3945:	65,72%	
25788,436,	3950:	66,78%	
25822,2,	3955:	66,87%	
25854,584,	3960:	65,81%	
25887,088,	3965:	66,22%	
25920,031,	3970:	67,70%	
25951,45,	3975:	67,12%	
25983,676,	3980:	66,94%	
26014,34,	3985:	64,44%	
26046,844,	3990:	67,04%	
26078,168,	3995:	67,53%	
26110,988,	4000:	66,40%	
26144,1,	4005:	67,05%	
26177,512,	4010:	66,79%	
26209,629,	4015:	67,10%	
26241,32,	4020:	65,86%	
26273,385,	4025:	67,11%	
26307,389,	4030:	67,62%	
26340,248,	4035:	66,48%	
26372,84,	4040:	66,98%	
26403,545,	4045:	66,82%	
26435,057,	4050:	66,41%	
26465,588,	4055:	67,26%	
26496,629,	4060:	67,55%	
26529,36,	4065:	65,82%	
26562,203,	4070:	66,59%	
26595,848,	4075:	66,89%	
26628,182,	4080:	67,58%	
26661,662,	4085:	67,36%	
26694,336,	4090:	67,36%	
26725,564,	4095:	66,68%	
26758,328,	4100:	66,26%	
26790,172,	4105:	66,65%	
26824,115,	4110:	67,34%	
26856,336,	4115:	67,62%	
26889,943,	4120:	66,23%	
26921,967,	4125:	66,89%	
26955,412,	4130:	66,59%	
26988,008,	4135:	67,28%	
27020,305,	4140:	66,80%	
27051,982,	4145:	67,41%	
27084,932,	4150:	66,98%	
27116,28,	4155:	67,09%	
27149,115,	4160:	67,24%	
27180,854,	4165:	67,22%	
27213,318,	4170:	67,00%	
27244,885,	4175:	66,92%	
27276,053,	4180:	67,13%	
27307,535,	4185:	66,55%	
27339,648,	4190:	67,06%	
27371,629,	4195:	67,40%	
27403,338,	4200:	67,44%	
27433,78,	4205:	67,30%	
27464,928,	4210:	66,69%	
27497,947,	4215:	66,71%	
27530,342,	4220:	67,69%	
27561,668,	4225:	67,50%	
27594,172,	4230:	66,41%	
27626,213,	4235:	66,87%	
27658,004,	4240:	67,76%	
27691,191,	4245:	66,02%	
27723,6,	4250:	65,93%	
27755,236,	4255:	67,47%	
27786,896,	4260:	66,84%	
27819,01,	4265:	66,97%	
27852,498,	4270:	65,90%	
27886,004,	4275:	66,43%	
27918,184,	4280:	67,24%	
27949,084,	4285:	66,94%	
27980,729,	4290:	66,62%	
28011,771,	4295:	66,98%	
28044,002,	4300:	66,28%	
28077,094,	4305:	66,89%	
28107,918,	4310:	67,12%	
28139,8,	4315:	66,37%	
28171,068,	4320:	66,56%	
28203,916,	4325:	66,96%	
28236,46,	4330:	67,13%	
28270,266,	4335:	65,63%	
28300,168,	4340:	65,74%	
28331,064,	4345:	67,26%	
28363,611,	4350:	66,71%	
28396,057,	4355:	65,85%	
28429,717,	4360:	66,87%	
28461,637,	4365:	66,01%	
28493,357,	4370:	66,13%	
28524,762,	4375:	66,17%	
28557,217,	4380:	65,73%	
28589,633,	4385:	65,81%	
28621,842,	4390:	67,30%	
28654,049,	4395:	67,28%	
28687,15,	4400:	66,94%	
28719,088,	4405:	67,07%	
28752,05,	4410:	66,49%	
28784,129,	4415:	67,65%	
28818,447,	4420:	65,97%	
28850,115,	4425:	66,64%	
28881,848,	4430:	66,78%	
28915,328,	4435:	66,94%	
28947,762,	4440:	66,90%	
28980,867,	4445:	67,46%	
29013,229,	4450:	66,87%	
29043,596,	4455:	66,92%	
29076,307,	4460:	67,43%	
29108,2,	4465:	65,32%	
29139,64,	4470:	67,07%	
29172,633,	4475:	66,73%	
29206,668,	4480:	66,58%	
29238,24,	4485:	67,30%	
29272,092,	4490:	66,54%	
29304,736,	4495:	66,72%	
29336,396,	4500:	67,59%	
29367,9,	4505:	66,94%	
29401,889,	4510:	66,70%	
29433,744,	4515:	66,71%	
29466,037,	4520:	67,43%	
29497,516,	4525:	66,39%	
29528,498,	4530:	66,96%	
29560,8,	4535:	66,84%	
29592,8,	4540:	67,16%	
29627,393,	4545:	66,14%	
29660,264,	4550:	66,50%	
29693,008,	4555:	66,28%	
29727,07,	4560:	65,65%	
29758,928,	4565:	66,77%	
29792,56,	4570:	67,59%	
29826,336,	4575:	67,02%	
29864,424,	4580:	67,32%	
29906,746,	4585:	67,27%	
29945,15,	4590:	67,24%	
29979,14,	4595:	67,34%	
30015,02,	4600:	67,08%	
30065,527,	4605:	66,10%	
30103,195,	4610:	65,70%	
30141,506,	4615:	67,02%	
